,album,track_number,id,name,uri,acousticness,danceability,energy,instrumentalness,liveness,loudness,speechiness,tempo,valence,popularity
0,¡Pa' Gozar! 45 Éxitos,1,0VEbvcXl8YzRHtSiWqZLxM,El Cable,spotify:track:0VEbvcXl8YzRHtSiWqZLxM,0.251,0.883,0.687,0.044,0.047,-9.655,0.0659,115.543,0.936,11
1,¡Pa' Gozar! 45 Éxitos,2,01yKel8vSDk5GY6ySqxePQ,¡ay Cosita Linda!,spotify:track:01yKel8vSDk5GY6ySqxePQ,0.282,0.804,0.597,0.0,0.0617,-9.442,0.111,106.663,0.957,9
2,¡Pa' Gozar! 45 Éxitos,3,6UAs0Ls8jOYeLGOpfHlTnY,Satanás,spotify:track:6UAs0Ls8jOYeLGOpfHlTnY,0.359,0.903,0.713,1.51e-05,0.271,-8.624,0.0721,129.784,0.806,11
3,¡Pa' Gozar! 45 Éxitos,4,2TurUsHBlfyIBP3TC0oV0g,La Sospechita,spotify:track:2TurUsHBlfyIBP3TC0oV0g,0.248,0.789,0.677,0.0,0.0974,-8.943,0.142,100.502,0.898,11
4,¡Pa' Gozar! 45 Éxitos,5,7La6g85xkcB7nMZPexl4b0,Vamos a Tabasco,spotify:track:7La6g85xkcB7nMZPexl4b0,0.473,0.756,0.655,1.17e-06,0.0561,-9.711,0.0837,102.306,0.915,8
5,¡Pa' Gozar! 45 Éxitos,6,3pw78W4XZQsJF9ZoZsWl8l,El Inventario,spotify:track:3pw78W4XZQsJF9ZoZsWl8l,0.401,0.725,0.709,0.0,0.0455,-7.748,0.195,100.791,0.817,6
6,¡Pa' Gozar! 45 Éxitos,7,5BBurWc352fiKCIO03YvaW,Chivirico,spotify:track:5BBurWc352fiKCIO03YvaW,0.248,0.792,0.567,0.408,0.204,-9.783,0.0492,91.674,0.952,12
7,¡Pa' Gozar! 45 Éxitos,8,4NP9DTflj05mjT5Dr3xgpq,Ráscame la Espalda Güera,spotify:track:4NP9DTflj05mjT5Dr3xgpq,0.404,0.794,0.59,0.0,0.0635,-8.826,0.108,102.94,0.809,10
8,¡Pa' Gozar! 45 Éxitos,9,64xERZFDQOkF7WtWSTSSrL,Atlántico,spotify:track:64xERZFDQOkF7WtWSTSSrL,0.188,0.789,0.661,0.266,0.317,-10.859,0.072,104.19,0.779,7
9,¡Pa' Gozar! 45 Éxitos,10,5UesSmoQVJWvAtQ9YVs44G,La Vaca Vieja,spotify:track:5UesSmoQVJWvAtQ9YVs44G,0.533,0.679,0.844,1.25e-06,0.31,-7.337,0.0607,101.962,0.808,6
10,¡Pa' Gozar! 45 Éxitos,11,4bl2ZGCrYiPaRuuOfgSxJf,Mi Yucatán Querido,spotify:track:4bl2ZGCrYiPaRuuOfgSxJf,0.235,0.752,0.609,3.85e-06,0.0305,-8.962,0.0946,102.717,0.748,5
11,¡Pa' Gozar! 45 Éxitos,12,6ci4qVjSfMvPZ2Jyqerqxi,Devuélveme Mi Costilla,spotify:track:6ci4qVjSfMvPZ2Jyqerqxi,0.648,0.678,0.678,0.0,0.116,-8.165,0.117,101.499,0.77,9
12,¡Pa' Gozar! 45 Éxitos,13,1YTiKPVxqyRwO4weUAj7mK,Florecita,spotify:track:1YTiKPVxqyRwO4weUAj7mK,0.221,0.425,0.573,0.00105,0.0582,-9.313,0.0362,89.075,0.889,6
13,¡Pa' Gozar! 45 Éxitos,14,4ZGUpB5GxoXOWf3MtCuAfb,El Manisero,spotify:track:4ZGUpB5GxoXOWf3MtCuAfb,0.415,0.799,0.616,0.302,0.0981,-10.267,0.0417,97.409,0.801,11
14,¡Pa' Gozar! 45 Éxitos,15,6yFHBlLzSmGbKQChIkfsJh,Cómo Han Pasado los Años,spotify:track:6yFHBlLzSmGbKQChIkfsJh,0.522,0.597,0.478,0.523,0.287,-12.309,0.0306,90.736,0.464,5
15,¡Pa' Gozar! 45 Éxitos,1,6eP3ww1opynelNWxnXFY94,La Suegra,spotify:track:6eP3ww1opynelNWxnXFY94,0.0532,0.74,0.626,0.0,0.148,-9.43,0.213,108.499,0.627,7
16,¡Pa' Gozar! 45 Éxitos,2,6tX867vh3hxu4LnYBw8UqP,El Perico y Yo,spotify:track:6tX867vh3hxu4LnYBw8UqP,0.255,0.679,0.673,1.77e-05,0.108,-9.094,0.0566,90.758,0.833,14
17,¡Pa' Gozar! 45 Éxitos,3,02hzVtmJ8ZZJxugyi0yazo,El Perrito Viejo,spotify:track:02hzVtmJ8ZZJxugyi0yazo,0.0071,0.692,0.712,0.00155,0.206,-9.81,0.102,98.051,0.803,5
18,¡Pa' Gozar! 45 Éxitos,4,6JfZEpdDKAunuatUawhYcQ,La Bala,spotify:track:6JfZEpdDKAunuatUawhYcQ,0.0912,0.724,0.755,0.0,0.136,-7.908,0.162,110.382,0.81,6
19,¡Pa' Gozar! 45 Éxitos,5,6iw5FnC2IWlsUaMKaaqJwU,El Gato Viudo,spotify:track:6iw5FnC2IWlsUaMKaaqJwU,0.0114,0.762,0.76,8.35e-06,0.114,-9.173,0.052,84.02,0.902,6
20,¡Pa' Gozar! 45 Éxitos,6,1uWqFCIoDBGvsXmhDjSM18,Sopa de Caracol,spotify:track:1uWqFCIoDBGvsXmhDjSM18,0.118,0.77,0.824,2.47e-05,0.126,-8.193,0.0878,127.415,0.673,8
21,¡Pa' Gozar! 45 Éxitos,7,14BeZedfWOCYk2mkbZoaLA,El Baile del Boxeador,spotify:track:14BeZedfWOCYk2mkbZoaLA,0.0103,0.719,0.747,4.78e-05,0.117,-8.563,0.0415,132.246,0.766,5
22,¡Pa' Gozar! 45 Éxitos,8,4fpnEyfJhAuGEodYDtVczo,Chiquilina,spotify:track:4fpnEyfJhAuGEodYDtVczo,0.0112,0.33,0.647,4.58e-05,0.12,-9.945,0.0573,181.952,0.707,4
23,¡Pa' Gozar! 45 Éxitos,9,2Fu3dAjBn4oTWPbx3kh7JD,Borriquito,spotify:track:2Fu3dAjBn4oTWPbx3kh7JD,0.112,0.799,0.697,0.000412,0.261,-8.99,0.175,96.673,0.77,5
24,¡Pa' Gozar! 45 Éxitos,10,7LIAh7arG1AR4PDEViEO3p,El Pachangón Marino,spotify:track:7LIAh7arG1AR4PDEViEO3p,0.0356,0.732,0.763,0.0,0.251,-9.702,0.0972,128.778,0.928,5
25,¡Pa' Gozar! 45 Éxitos,11,1Pu8Q1CuPPExSHHxpMeHlY,San Juan de Ulúa,spotify:track:1Pu8Q1CuPPExSHHxpMeHlY,0.00802,0.695,0.594,0.000716,0.303,-9.951,0.105,103.852,0.73,5
26,¡Pa' Gozar! 45 Éxitos,12,6MKsXupJ2Kck1GyTODK2NT,Que Te Perdone el Cielo,spotify:track:6MKsXupJ2Kck1GyTODK2NT,0.0327,0.735,0.659,0.0,0.0722,-10.567,0.0315,108.087,0.728,5
27,¡Pa' Gozar! 45 Éxitos,13,1eiUAf2MOcI3RAcfElwhxr,Frijolito Saltarín,spotify:track:1eiUAf2MOcI3RAcfElwhxr,0.0123,0.703,0.674,0.901,0.296,-9.682,0.056,113.798,0.824,5
28,¡Pa' Gozar! 45 Éxitos,14,2agiYnJJvxtbr2TQwl1wJc,El Jala Jala,spotify:track:2agiYnJJvxtbr2TQwl1wJc,0.156,0.805,0.723,0.000249,0.132,-8.773,0.0561,108.645,0.82,5
29,¡Pa' Gozar! 45 Éxitos,15,7bWS8JhajFSo7LV94lc2wb,El Zancudito Loco,spotify:track:7bWS8JhajFSo7LV94lc2wb,0.00794,0.657,0.749,0.000872,0.0892,-9.623,0.116,95.385,0.595,5
30,¡Pa' Gozar! 45 Éxitos,1,7f3GSVY5cCGcBuxrE1Dnqb,Villa Cariño,spotify:track:7f3GSVY5cCGcBuxrE1Dnqb,0.329,0.716,0.64,0.0,0.259,-8.514,0.0401,83.318,0.967,28
31,¡Pa' Gozar! 45 Éxitos,2,7MH2Vl2kBS4IG3X3VlTdIS,Trisagio del Soltero,spotify:track:7MH2Vl2kBS4IG3X3VlTdIS,0.7,0.673,0.798,0.0,0.0693,-7.22,0.202,127.43,0.551,4
33,¡Pa' Gozar! 45 Éxitos,4,4ZJQGzjhPFq72RUTRcSQNE,Plena Española,spotify:track:4ZJQGzjhPFq72RUTRcSQNE,0.509,0.722,0.532,0.0,0.203,-8.848,0.04,121.818,0.927,17
34,¡Pa' Gozar! 45 Éxitos,5,26Unw3Drv9p92mrMk9WJ71,No Te Vayas Corazón,spotify:track:26Unw3Drv9p92mrMk9WJ71,0.525,0.719,0.587,0.000231,0.149,-3.388,0.0682,88.533,0.971,15
35,¡Pa' Gozar! 45 Éxitos,6,2CFvfaQS0Niaaj2m20vkuD,La Paloma,spotify:track:2CFvfaQS0Niaaj2m20vkuD,0.216,0.808,0.821,0.00198,0.169,-3.628,0.0651,96.175,0.97,18
36,¡Pa' Gozar! 45 Éxitos,7,0fBGtwrByMXrK9rSoM0z0t,Por la Calle Real,spotify:track:0fBGtwrByMXrK9rSoM0z0t,0.604,0.697,0.803,0.0,0.338,-2.944,0.0414,114.454,0.908,5
37,¡Pa' Gozar! 45 Éxitos,8,0fjBKTuK4F5MqHD1e9UOGp,Indiecita de Mi Tierra,spotify:track:0fjBKTuK4F5MqHD1e9UOGp,0.359,0.726,0.666,0.0,0.0607,-8.905,0.041,86.738,0.974,5
39,¡Pa' Gozar! 45 Éxitos,10,08gPouZJBIgWSWA2HDISmj,Cumbia Romántica,spotify:track:08gPouZJBIgWSWA2HDISmj,0.793,0.669,0.744,0.0,0.222,-4.071,0.0439,171.321,0.971,5
40,¡Pa' Gozar! 45 Éxitos,11,1HUr7BWXhJ0BF98C8VRDCs,"Juan, El Pescador",spotify:track:1HUr7BWXhJ0BF98C8VRDCs,0.818,0.622,0.735,6.18e-05,0.08,-2.93,0.0383,93.769,0.963,16
41,¡Pa' Gozar! 45 Éxitos,12,0lk4MyIqm1pkA3I2cvoA2Q,Grito de Mi Tierra,spotify:track:0lk4MyIqm1pkA3I2cvoA2Q,0.392,0.707,0.455,0.0,0.0948,-8.962,0.042,113.864,0.748,5
42,¡Pa' Gozar! 45 Éxitos,13,2PL5N40x6Mh0N12POXWTVs,Toquen un Paseo,spotify:track:2PL5N40x6Mh0N12POXWTVs,0.784,0.8,0.954,1.24e-06,0.0835,-2.299,0.0439,84.22,0.988,14
43,¡Pa' Gozar! 45 Éxitos,14,0LVQRm4GkzUTOARLDU2IId,Río Colorado,spotify:track:0LVQRm4GkzUTOARLDU2IId,0.739,0.552,0.716,0.0,0.0833,-3.035,0.0371,87.306,0.944,5
44,¡Pa' Gozar! 45 Éxitos,15,6zsEPY4LzM4ykhM5Rk1phy,La Ruana,spotify:track:6zsEPY4LzM4ykhM5Rk1phy,0.48,0.762,0.511,0.0,0.116,-8.316,0.0411,128.651,0.966,33
45,Al Son de los Wawancó,1,56YCGeLKvyPqY07HRBvTQX,Dale Dale Amor,spotify:track:56YCGeLKvyPqY07HRBvTQX,0.469,0.695,0.67,0.0,0.052,-8.751,0.0561,170.882,0.964,4
46,Al Son de los Wawancó,2,6q72JSlHeJ3yDoZQOTtprv,Qué le Digo a Mi Corazón,spotify:track:6q72JSlHeJ3yDoZQOTtprv,0.492,0.736,0.793,0.0,0.337,-8.551,0.0457,95.032,0.927,5
47,Al Son de los Wawancó,3,1eiS5H1UaWV5wdPMzpXs6X,Qué Manera de Querer,spotify:track:1eiS5H1UaWV5wdPMzpXs6X,0.612,0.73,0.804,2.06e-06,0.108,-8.661,0.0338,97.967,0.961,12
48,Al Son de los Wawancó,4,51tFwG2wGv1TKouKYoSdmH,La Vida Se Ha Puesto Dura,spotify:track:51tFwG2wGv1TKouKYoSdmH,0.441,0.75,0.832,0.0,0.187,-8.261,0.0339,163.202,0.975,13
49,Al Son de los Wawancó,5,32uEDnmXdJK6vcRKJsFxhi,Amor Desinteresado,spotify:track:32uEDnmXdJK6vcRKJsFxhi,0.535,0.396,0.883,0.0,0.321,-7.667,0.0559,174.954,0.971,3
50,Al Son de los Wawancó,6,0WOS6N1fj5vXBCDZhrMmmm,Dame una Razón,spotify:track:0WOS6N1fj5vXBCDZhrMmmm,0.387,0.766,0.668,0.0,0.175,-9.676,0.0398,89.037,0.943,13
51,Al Son de los Wawancó,7,0wx4E6iQXuZ9zJuvX9SnoU,Mentiras (Mi Margarita),spotify:track:0wx4E6iQXuZ9zJuvX9SnoU,0.533,0.719,0.664,3.91e-05,0.321,-9.465,0.0308,140.022,0.962,2
52,Al Son de los Wawancó,8,34B6xuPaIUznNVATBa4FNR,La Casita,spotify:track:34B6xuPaIUznNVATBa4FNR,0.404,0.876,0.643,0.0,0.119,-9.419,0.0461,131.466,0.963,13
53,Al Son de los Wawancó,9,2IPO2l81Z2kT6uLqZBUWoW,No Te Des por Vencido,spotify:track:2IPO2l81Z2kT6uLqZBUWoW,0.3,0.706,0.773,0.0,0.346,-8.432,0.0309,96.512,0.905,3
54,Al Son de los Wawancó,10,1q23FPrlXhLWiv7q6inVtr,Mi Niña Coqueta,spotify:track:1q23FPrlXhLWiv7q6inVtr,0.205,0.702,0.759,0.0,0.261,-8.572,0.0374,93.976,0.965,12
55,Al Son de los Wawancó,11,2q1xcRuSMfM6Cj3sjaLAnA,Cosas de Mujeres,spotify:track:2q1xcRuSMfM6Cj3sjaLAnA,0.505,0.759,0.703,0.0,0.105,-8.375,0.0424,117.059,0.965,3
56,Al Son de los Wawancó,12,4XS48knbYfDSPqsQAP7HP7,Mabelita,spotify:track:4XS48knbYfDSPqsQAP7HP7,0.427,0.784,0.628,0.0,0.141,-9.127,0.0416,135.041,0.966,4
57,"Cumbia, Paseo Vallenato, Merengue, Porro, Gaita",1,3EBpVneUK2PKFxp7zNO325,Oiga Compadrito (Cumbia Gaita),spotify:track:3EBpVneUK2PKFxp7zNO325,0.227,0.467,0.652,1.92e-06,0.109,-5.47,0.039,126.095,0.949,9
58,"Cumbia, Paseo Vallenato, Merengue, Porro, Gaita",2,0kZWdnFJ1jyIGnRRPIsjXW,La Paloma (Paseo Vallenato),spotify:track:0kZWdnFJ1jyIGnRRPIsjXW,0.359,0.68,0.737,1.23e-05,0.0928,-6.512,0.0322,97.045,0.972,11
59,"Cumbia, Paseo Vallenato, Merengue, Porro, Gaita",3,0tb35KO6M6ypoROyhyk6RK,La Empalizá (Merengue),spotify:track:0tb35KO6M6ypoROyhyk6RK,0.452,0.612,0.668,1.14e-05,0.121,-5.604,0.036,128.445,0.923,5
60,"Cumbia, Paseo Vallenato, Merengue, Porro, Gaita",4,7kmUxJ5PHb9kojn6ykUZKA,Rio Colarado (Cumbia),spotify:track:7kmUxJ5PHb9kojn6ykUZKA,0.792,0.431,0.576,0.0,0.0763,-6.168,0.0324,88.273,0.818,5
61,"Cumbia, Paseo Vallenato, Merengue, Porro, Gaita",5,0eZOOICr8Fudz3TZeZP4cO,Juan el Pescador (Cumbia),spotify:track:0eZOOICr8Fudz3TZeZP4cO,0.82,0.543,0.618,0.0,0.0539,-6.062,0.0289,95.03,0.961,11
62,"Cumbia, Paseo Vallenato, Merengue, Porro, Gaita",6,2av72AyAJwhXLCrIQ0IuHZ,Por la Calle Real (Gaita),spotify:track:2av72AyAJwhXLCrIQ0IuHZ,0.328,0.604,0.685,0.0,0.249,-5.717,0.0358,115.669,0.914,5
63,"Cumbia, Paseo Vallenato, Merengue, Porro, Gaita",7,4i5QSEmAVZMGrR0Wdt3CNg,Cumbia Romántica (Cumbia),spotify:track:4i5QSEmAVZMGrR0Wdt3CNg,0.819,0.649,0.66,0.0,0.262,-5.646,0.0286,86.428,0.964,7
64,"Cumbia, Paseo Vallenato, Merengue, Porro, Gaita",8,4o2QLVSMryoiHXtovfQMUV,Toquen un Paseo (Paseo),spotify:track:4o2QLVSMryoiHXtovfQMUV,0.737,0.588,0.907,0.0,0.115,-4.396,0.0347,170.334,0.982,7
65,"Cumbia, Paseo Vallenato, Merengue, Porro, Gaita",9,6RlG3pKDbWG1W9ej7SUeIv,Ya Se Fue (Cumbia),spotify:track:6RlG3pKDbWG1W9ej7SUeIv,0.685,0.659,0.757,0.0,0.0732,-3.572,0.032,101.688,0.961,10
66,"Cumbia, Paseo Vallenato, Merengue, Porro, Gaita",10,2D8bxXosMcL9H0BxngfaFf,Con un Clavelito (Cumbia Moruna),spotify:track:2D8bxXosMcL9H0BxngfaFf,0.764,0.645,0.614,0.0,0.12,-5.082,0.0286,85.005,0.964,7
67,"Cumbia, Paseo Vallenato, Merengue, Porro, Gaita",11,3UDfXAyv7GbnhZwfNpwhOM,Roberto Ruíz (Porro),spotify:track:3UDfXAyv7GbnhZwfNpwhOM,0.815,0.533,0.825,0.0,0.0929,-4.942,0.0454,119.748,0.964,4
68,"Cumbia, Paseo Vallenato, Merengue, Porro, Gaita",12,2Go1ogODv9mwDKlcQhraEC,No Te Vayas Corazón (Cumbia),spotify:track:2Go1ogODv9mwDKlcQhraEC,0.459,0.623,0.581,0.0,0.121,-5.062,0.0387,89.385,0.974,12
69,"Cumbia, Paseo Vallenato, Merengue, Porro, Gaita",13,29m0LaEfZ1VWKxVMV2jHDV,Gaita Sabrosa (Gaita),spotify:track:29m0LaEfZ1VWKxVMV2jHDV,0.54,0.6,0.756,0.0,0.0673,-5.031,0.035,124.153,0.973,6
70,"Cumbia, Paseo Vallenato, Merengue, Porro, Gaita",14,7KSY9gROs8lWFZa3w1UneQ,La Banda Borracha (Cumbión),spotify:track:7KSY9gROs8lWFZa3w1UneQ,0.216,0.692,0.64,0.0,0.114,-5.313,0.0445,95.579,0.962,10
71,20 Superéxitos Originales,1,0OxiCqWMV5mFcpHM7oG4eS,La Burrita,spotify:track:0OxiCqWMV5mFcpHM7oG4eS,0.124,0.764,0.631,0.0,0.236,-8.489,0.0899,122.027,0.861,25
72,20 Superéxitos Originales,2,5GH5ojBtri7wO8cbDVBxMw,La Piragua,spotify:track:5GH5ojBtri7wO8cbDVBxMw,0.647,0.685,0.529,0.0,0.305,-9.124,0.0338,102.081,0.941,22
74,20 Superéxitos Originales,4,7JC1d2yx9hi6RiDdNjZNk1,El Gavilán,spotify:track:7JC1d2yx9hi6RiDdNjZNk1,0.629,0.658,0.57,0.0,0.0717,-8.097,0.0481,96.326,0.866,17
75,20 Superéxitos Originales,5,5tA45Tq569JWMRCcu4f2hG,Grito de Cumbia,spotify:track:5tA45Tq569JWMRCcu4f2hG,0.527,0.628,0.617,0.0,0.337,-7.31,0.0286,106.847,0.949,15
76,20 Superéxitos Originales,6,6ZHOAF8cCGLXsSvNAFADMi,"No Te Vayas, Corazón",spotify:track:6ZHOAF8cCGLXsSvNAFADMi,0.292,0.608,0.492,1.7e-05,0.0659,-7.319,0.0671,171.075,0.971,20
77,20 Superéxitos Originales,7,3ZQThxCp60T56VkJSBkL9b,La Pereza,spotify:track:3ZQThxCp60T56VkJSBkL9b,0.344,0.591,0.54,0.0,0.159,-8.632,0.0547,90.04,0.827,15
78,20 Superéxitos Originales,8,1Y0h2CsScf5BPxTD7MIXLk,"Lloran, Lloran las Mujeres",spotify:track:1Y0h2CsScf5BPxTD7MIXLk,0.79,0.601,0.525,0.0,0.312,-9.722,0.0385,189.536,0.964,14
79,20 Superéxitos Originales,9,1pwC4UyS3c61zeEx1RrAcv,Un Sombrero de Paja,spotify:track:1pwC4UyS3c61zeEx1RrAcv,0.43,0.563,0.605,0.0,0.307,-8.558,0.0536,94.388,0.888,23
80,20 Superéxitos Originales,10,3hkaNb5GAueIUPoHKwsqYs,La Pollera Verde,spotify:track:3hkaNb5GAueIUPoHKwsqYs,0.385,0.601,0.682,0.0,0.341,-7.673,0.0287,98.487,0.962,15
81,20 Superéxitos Originales,11,7qJBJ2k6FXw049QZCsy8Y5,Cumbia Bendita,spotify:track:7qJBJ2k6FXw049QZCsy8Y5,0.521,0.727,0.577,0.0,0.0645,-9.017,0.0406,91.178,0.898,19
82,20 Superéxitos Originales,12,3ExnI5XzaChYl69tNbG941,El Trovador y la Luna,spotify:track:3ExnI5XzaChYl69tNbG941,0.273,0.664,0.393,0.0,0.102,-9.796,0.0393,89.773,0.898,13
83,20 Superéxitos Originales,13,37nkLbao3NATDi5B7TzOyO,Con un Clavelito,spotify:track:37nkLbao3NATDi5B7TzOyO,0.569,0.774,0.494,0.0,0.135,-8.54,0.0398,81.092,0.964,14
84,20 Superéxitos Originales,14,0Ec7hhhC88waMwpTlEJf08,Quítate Tu Zapato,spotify:track:0Ec7hhhC88waMwpTlEJf08,0.462,0.714,0.533,0.0,0.134,-9.544,0.0359,129.32,0.981,14
85,20 Superéxitos Originales,15,24X8DFYBuA6pY4fnr4xTa5,Quiero un Sombrero,spotify:track:24X8DFYBuA6pY4fnr4xTa5,0.606,0.832,0.531,0.0,0.103,-8.322,0.0396,114.261,0.966,24
86,20 Superéxitos Originales,16,1mv4g6HVuLNrIUWVV5iUNN,El Conductor,spotify:track:1mv4g6HVuLNrIUWVV5iUNN,0.611,0.48,0.776,0.0,0.0481,-9.335,0.0453,175.842,0.973,20
87,20 Superéxitos Originales,17,60Eq85ekWShppCNAo2tegD,Un Sombrero Blanco,spotify:track:60Eq85ekWShppCNAo2tegD,0.668,0.721,0.533,1.07e-06,0.168,-8.761,0.0324,87.228,0.973,12
88,20 Superéxitos Originales,18,1OaY8zZaJA3R5K5MdfZAda,Cuando la Cumbia Sale de Ronda,spotify:track:1OaY8zZaJA3R5K5MdfZAda,0.135,0.59,0.511,0.0,0.245,-9.983,0.0398,92.744,0.795,13
90,20 Superéxitos Originales,20,4KaJOdYAUxkVthi7LMKzeh,El Amor en el Mar,spotify:track:4KaJOdYAUxkVthi7LMKzeh,0.607,0.519,0.611,0.0,0.299,-8.625,0.04,174.182,0.968,12
92,15 Exitos,2,5GAnyjKTcFLPdFuLxvf5ja,Atrevete a Mirarme de Frente,spotify:track:5GAnyjKTcFLPdFuLxvf5ja,0.77,0.527,0.781,0.0,0.274,-5.43,0.0316,172.506,0.855,20
98,15 Exitos,8,0toVz0n5Yd4nTNezHn1QBY,Canta y Llora Mi Corazón,spotify:track:0toVz0n5Yd4nTNezHn1QBY,0.661,0.678,0.759,0.0,0.0983,-6.289,0.0462,93.188,0.968,4
99,15 Exitos,9,5fqrLjJCbhOw4c4PXX2EVn,La Fiesta de Maria Dolores,spotify:track:5fqrLjJCbhOw4c4PXX2EVn,0.672,0.655,0.84,0.0,0.0913,-6.25,0.0604,93.941,0.907,15
100,15 Exitos,10,2YYSyM1OfPkuJrzKFd9V2Y,Atlantico,spotify:track:2YYSyM1OfPkuJrzKFd9V2Y,0.713,0.401,0.769,0.0211,0.352,-7.486,0.0371,196.578,0.933,15
101,15 Exitos,11,2n3vef5BRTQYqXa8tQevcX,Roberto Ruiz,spotify:track:2n3vef5BRTQYqXa8tQevcX,0.791,0.672,0.883,0.0,0.274,-4.988,0.101,116.51,0.965,4
103,15 Exitos,13,3XbKVbRBPloGH4rJrynq96,El Hijo de Maria Dolores,spotify:track:3XbKVbRBPloGH4rJrynq96,0.827,0.517,0.714,0.0,0.451,-6.159,0.044,90.739,0.852,3
104,15 Exitos,14,6XicIRLjDVgCV81BnkTu94,Color de Cumbia,spotify:track:6XicIRLjDVgCV81BnkTu94,0.621,0.729,0.561,0.0,0.224,-6.734,0.152,98.155,0.964,3
105,15 Exitos,15,63yayni3EM5LWQOXLlbtAo,Nochebuena en Mi Pueblito,spotify:track:63yayni3EM5LWQOXLlbtAo,0.601,0.503,0.587,0.0,0.224,-8.551,0.0445,175.32,0.8,4
106,50 Temas - Felíz Cumpleaños,1,4i4yD439Gnqfzv0rxDp2Ut,"La Cosecha De Mujeres/ATrevete A Mirarme De Frente/Adiós,AdiósCorazón/Son Los Pescadores)/La Pollera Verde/Moviendo Los Piecitos/Candelaria/Para El Interior/Maria Isabel/Los Borrachos Son Ustedes",spotify:track:4i4yD439Gnqfzv0rxDp2Ut,0.054,0.498,0.661,0.0,0.244,-7.906,0.118,130.598,0.617,20
107,50 Temas - Felíz Cumpleaños,2,1tPXUKLZOgUnJNiNgTTqOH,Paseo Para Enamorar/Toquen Un Paseo/Momposina/Que Rica Gaita/Los Tiburones/Al Amanecer/Santander De Batunga/Quiero Despertar/Encaje De Plata Y Luna/Los Domingos/Se Robaron Mi Mujer,spotify:track:1tPXUKLZOgUnJNiNgTTqOH,0.156,0.487,0.626,0.0,0.229,-8.884,0.139,133.767,0.544,12
108,50 Temas - Felíz Cumpleaños,3,7DhPxmYpoMIzVwLM2qzkDV,Ingrata Y Desamorada,spotify:track:7DhPxmYpoMIzVwLM2qzkDV,0.181,0.784,0.543,2.71e-05,0.141,-9.203,0.0363,90.919,0.851,14
109,50 Temas - Felíz Cumpleaños,4,5tGOMGm5qWjnK6bPxUl1Hf,La Cuevita De Lili,spotify:track:5tGOMGm5qWjnK6bPxUl1Hf,0.0505,0.748,0.634,0.0,0.251,-8.716,0.0465,76.026,0.799,12
110,50 Temas - Felíz Cumpleaños,5,1fcKDdlkD5zksKLAQGJWdo,Duro Corazón,spotify:track:1fcKDdlkD5zksKLAQGJWdo,0.0835,0.656,0.698,1.37e-06,0.327,-9.207,0.0459,191.768,0.838,12
111,50 Temas - Felíz Cumpleaños,6,5ZlVFsHh6rKAgD1jP1zOjy,Los Maridos De Doña Flor,spotify:track:5ZlVFsHh6rKAgD1jP1zOjy,0.33,0.773,0.576,0.0,0.15,-6.812,0.0419,140.191,0.93,3
112,50 Temas - Felíz Cumpleaños,7,6IQbzzdATCbmdDzJkHp3jI,Mujer De Lágrima Fácil,spotify:track:6IQbzzdATCbmdDzJkHp3jI,0.238,0.759,0.565,0.0,0.171,-7.891,0.0403,128.065,0.748,2
113,50 Años De Fiesta,1,5m0rfwogrvtKp9OBRyfqhI,Muñeca Barranquillera,spotify:track:5m0rfwogrvtKp9OBRyfqhI,0.591,0.591,0.562,0.0,0.323,-11.013,0.0486,166.595,0.968,12
114,50 Años De Fiesta,2,0sHvnf4AHvNjTClwCkEr3F,Carretas Que Vienen Y Van,spotify:track:0sHvnf4AHvNjTClwCkEr3F,0.792,0.567,0.584,0.0,0.175,-10.314,0.06,179.884,0.947,8
115,50 Años De Fiesta,3,6jfA8UJ4HXYseGoyXayxNC,Cuando La Cumbia Sale De Ronda,spotify:track:6jfA8UJ4HXYseGoyXayxNC,0.138,0.594,0.488,0.0,0.245,-10.491,0.0442,92.745,0.781,10
116,50 Años De Fiesta,4,2lpKN5O8B9ZRKwTZ47JLed,El Galeón Español,spotify:track:2lpKN5O8B9ZRKwTZ47JLed,0.481,0.561,0.595,1.4e-06,0.345,-10.903,0.0295,97.391,0.963,20
117,50 Años De Fiesta,5,2Wu4gt5jS5Y8cMrQFs9CD4,El Amor De Juan Simón,spotify:track:2Wu4gt5jS5Y8cMrQFs9CD4,0.753,0.654,0.449,0.0,0.101,-10.996,0.0447,167.686,0.963,8
118,50 Años De Fiesta,6,4sTOF7qmzQwcSaR2MGqDa5,Año Nuevo De Esperanza,spotify:track:4sTOF7qmzQwcSaR2MGqDa5,0.843,0.657,0.328,0.0,0.112,-12.601,0.0389,82.138,0.921,7
119,50 Años De Fiesta,7,2dwZbQqtKadjpzUWmijM3k,Paseo Para Las Fiestas,spotify:track:2dwZbQqtKadjpzUWmijM3k,0.786,0.72,0.504,0.0,0.257,-10.828,0.0401,92.886,0.948,7
120,50 Años De Fiesta,8,7H2VEyOL1p3Bh12sbbOQ8e,Va llamando A Cumbia,spotify:track:7H2VEyOL1p3Bh12sbbOQ8e,0.472,0.696,0.531,1.6e-05,0.174,-11.515,0.0415,85.994,0.947,7
121,50 Años De Fiesta,9,1FvK0bsqc97CfEqY465kuJ,Serenatero Del Día,spotify:track:1FvK0bsqc97CfEqY465kuJ,0.568,0.743,0.61,0.000232,0.087,-11.037,0.0468,164.967,0.965,6
122,50 Años De Fiesta,10,1REiHEtdz8mBVQIbkLYXSI,El Pícaro Jardinero,spotify:track:1REiHEtdz8mBVQIbkLYXSI,0.641,0.578,0.693,0.0,0.186,-9.924,0.0658,180.976,0.967,7
123,50 Años De Fiesta,11,1RMZ0OjbXOXRUGg9ZAFvH8,Se Tamba... Se Tambalea,spotify:track:1RMZ0OjbXOXRUGg9ZAFvH8,0.582,0.74,0.78,2.37e-06,0.425,-10.106,0.0389,115.582,0.911,7
126,50 Años De Fiesta,14,6W8LwpRc4VjmTMAyDeMlhP,El Pescador,spotify:track:6W8LwpRc4VjmTMAyDeMlhP,0.742,0.668,0.403,0.0,0.173,-11.079,0.0412,86.779,0.96,22
127,50 Años De Fiesta,15,4Cb8tYnvAdELM3VBecW9BC,Fiesta Negra,spotify:track:4Cb8tYnvAdELM3VBecW9BC,0.606,0.679,0.401,0.0,0.301,-10.835,0.0368,91.422,0.916,9
128,50 Años De Fiesta,16,7szXUMEQ8JLJExtoPvooiZ,Con Un Clavelito,spotify:track:7szXUMEQ8JLJExtoPvooiZ,0.725,0.733,0.43,0.0,0.139,-10.949,0.042,88.356,0.974,8
129,50 Años De Fiesta,17,3LSCZQNkolGTAjZ7MwbMzh,La Casita Blanca,spotify:track:3LSCZQNkolGTAjZ7MwbMzh,0.791,0.586,0.421,0.0,0.277,-12.043,0.0363,178.603,0.934,10
131,50 Años De Fiesta,19,6oiYPLfi4TgTDLjVVBKOMA,Amor Y Paz,spotify:track:6oiYPLfi4TgTDLjVVBKOMA,0.674,0.687,0.35,2.44e-06,0.117,-12.22,0.0572,86.136,0.929,11
132,50 Años De Fiesta,20,6zGAbCFlDZywYV26XwZcQP,La Cosecha De Mujeres - Mix,spotify:track:6zGAbCFlDZywYV26XwZcQP,0.0768,0.742,0.756,0.000133,0.0816,-9.879,0.038,93.97,0.969,21
133,50 Años De Fiesta,21,2l7fdogCdQHNbYUQt8CynC,La Pollera Colora',spotify:track:2l7fdogCdQHNbYUQt8CynC,0.832,0.669,0.615,0.0,0.336,-10.206,0.0356,93.208,0.972,31
134,50 Años De Fiesta,22,0C3OquReTa1k2iXCzSbeqZ,La Banda Borracha,spotify:track:0C3OquReTa1k2iXCzSbeqZ,0.223,0.797,0.516,0.0,0.196,-7.785,0.0936,91.599,0.944,21
135,50 Años De Fiesta,23,0dsepov5W0AFqBWll21OeD,Santa Marta,spotify:track:0dsepov5W0AFqBWll21OeD,0.139,0.84,0.891,0.0,0.0494,-8.358,0.0928,90.01,0.964,10
138,50 Años De Fiesta,1,0PZqnRgG6M3d1sXZYQxeVC,A Mi Me Duele Más Que A Vos,spotify:track:0PZqnRgG6M3d1sXZYQxeVC,0.717,0.736,0.518,0.0,0.303,-11.423,0.0466,82.527,0.964,7
139,50 Años De Fiesta,2,5L37ZBmQscaElui72afpSk,Quiero Saber Si Puede Ser,spotify:track:5L37ZBmQscaElui72afpSk,0.779,0.689,0.457,0.0,0.126,-12.286,0.0408,83.361,0.882,6
140,50 Años De Fiesta,3,4jwC79PP1i2ogihkMgpsxp,Si He Nacido Para Amarte,spotify:track:4jwC79PP1i2ogihkMgpsxp,0.703,0.636,0.413,0.0,0.247,-12.591,0.0406,157.297,0.841,9
141,50 Años De Fiesta,4,23gq25KQjWskMZR5c0cGpl,En Ese Barco,spotify:track:23gq25KQjWskMZR5c0cGpl,0.49,0.62,0.53,0.0,0.0736,-11.814,0.0385,90.581,0.96,8
142,50 Años De Fiesta,5,4v2t8pWGBgLfYSuA0obRh3,Encaje De Plata Y Luna,spotify:track:4v2t8pWGBgLfYSuA0obRh3,0.46,0.613,0.434,0.0,0.191,-11.483,0.0425,83.927,0.874,6
143,50 Años De Fiesta,6,20I69QJ4LBZeBgH8iMHP88,Cuando Te Vi Pasar,spotify:track:20I69QJ4LBZeBgH8iMHP88,0.419,0.709,0.439,0.0,0.172,-10.552,0.0751,85.417,0.941,6
144,50 Años De Fiesta,7,2rD77NHrlXCp9yz9gaa2ew,El Amor De Salvador,spotify:track:2rD77NHrlXCp9yz9gaa2ew,0.412,0.716,0.47,0.0,0.0652,-10.29,0.0501,91.421,0.948,6
145,50 Años De Fiesta,8,7JRhZ9SkYpaoo2j9udWBO3,Luna Llena Estival,spotify:track:7JRhZ9SkYpaoo2j9udWBO3,0.203,0.712,0.451,0.0,0.0558,-11.285,0.0638,91.535,0.967,5
146,50 Años De Fiesta,9,1t6k5khyOngbKEAyDw1QTr,Esperanza Paz,spotify:track:1t6k5khyOngbKEAyDw1QTr,0.315,0.407,0.51,0.0,0.101,-10.984,0.0612,188.701,0.961,5
147,50 Años De Fiesta,10,1D7MVuDgSpwKq5ETORXSmv,Me Gusta Tu Rosa Roja,spotify:track:1D7MVuDgSpwKq5ETORXSmv,0.341,0.634,0.728,0.0,0.0778,-9.322,0.0639,137.813,0.964,7
148,50 Años De Fiesta,11,4DCxRGY2tRWpezlb4klEKr,A Mi Pueblito Llegué,spotify:track:4DCxRGY2tRWpezlb4klEKr,0.36,0.634,0.624,0.0,0.0542,-9.806,0.0341,132.627,0.978,5
149,50 Años De Fiesta,12,5Z8fMWDxFFlLBakzYIw3Vq,Agarrame La Escalera,spotify:track:5Z8fMWDxFFlLBakzYIw3Vq,0.435,0.705,0.717,0.0,0.0641,-10.892,0.0323,130.925,0.99,12
150,50 Años De Fiesta,13,5iMKKoKwGrVCDBQsSr2ffl,El Cuartetazo,spotify:track:5iMKKoKwGrVCDBQsSr2ffl,0.156,0.757,0.477,0.0,0.0987,-10.16,0.0577,141.934,0.975,29
151,50 Años De Fiesta,14,4HrgjZBWXvV4TClFkoWxFw,Que Me Toque Una Cumbita,spotify:track:4HrgjZBWXvV4TClFkoWxFw,0.621,0.694,0.548,0.0,0.0896,-11.597,0.037,85.747,0.702,9
152,50 Años De Fiesta,15,0C0RiVJpcoFsj8ZV8c8Wy4,La Pena Del Navegante,spotify:track:0C0RiVJpcoFsj8ZV8c8Wy4,0.6,0.604,0.512,0.0,0.0872,-10.209,0.036,84.104,0.817,5
153,50 Años De Fiesta,16,1FFLAW05L0CT0hifjp8LtY,Gritos Del Monte,spotify:track:1FFLAW05L0CT0hifjp8LtY,0.453,0.676,0.443,0.0,0.322,-10.326,0.029,98.295,0.607,5
154,50 Años De Fiesta,17,0jwYCnJyoOBbynWa8fn4iv,Anunciando La Navidad,spotify:track:0jwYCnJyoOBbynWa8fn4iv,0.579,0.314,0.451,0.0,0.415,-11.117,0.0387,183.497,0.749,4
155,50 Años De Fiesta,18,2qx0mXaVVcjxJvBfkc0Tuj,El Niño Está Con Nosotros,spotify:track:2qx0mXaVVcjxJvBfkc0Tuj,0.334,0.744,0.38,0.0,0.194,-12.126,0.0381,92.381,0.961,6
156,50 Años De Fiesta,19,0PrmBfJrq3mq8hDZmHF2TE,Borracho Y Contento,spotify:track:0PrmBfJrq3mq8hDZmHF2TE,0.235,0.49,0.609,4.17e-05,0.0506,-10.552,0.0391,103.604,0.957,7
157,50 Años De Fiesta,20,0ZDCpMmfey9JjgxaleN4bX,Cumbia Bohemia,spotify:track:0ZDCpMmfey9JjgxaleN4bX,0.363,0.651,0.498,0.0,0.0994,-9.484,0.052,89.668,0.844,5
158,50 Años De Fiesta,21,77tXsCAmCbpb25k2sHRjCH,Canta Y Llora Mi Acordeón,spotify:track:77tXsCAmCbpb25k2sHRjCH,0.693,0.724,0.574,0.0,0.108,-11.039,0.0391,93.877,0.967,5
159,50 Años De Fiesta,22,3FapivLueS1KULvj8QqStM,Una Peleita Chiquita,spotify:track:3FapivLueS1KULvj8QqStM,0.558,0.632,0.456,0.0,0.0658,-11.964,0.0715,188.586,0.966,5
160,50 Años De Fiesta,23,2mazQy8AipaRwJ2SogsYWh,Una Pollerita Por La Carretera,spotify:track:2mazQy8AipaRwJ2SogsYWh,0.596,0.697,0.543,2.27e-06,0.0549,-11.418,0.0345,95.415,0.962,5
161,50 Años De Fiesta,24,2nGien6zz3rOQqbBAYMyKe,Baila Botija,spotify:track:2nGien6zz3rOQqbBAYMyKe,0.582,0.649,0.458,0.0,0.604,-12.384,0.0356,102.599,0.939,4
162,50 Años De Fiesta,25,3wtkUp0c7tocMr3oMrNGc9,El Merengón,spotify:track:3wtkUp0c7tocMr3oMrNGc9,0.653,0.663,0.579,3.61e-06,0.0813,-10.356,0.0379,135.34,0.846,5
163,Wawa-Mix 2,1,2h87l6Lfw5TtAylCc4DVDR,La Cruz,spotify:track:2h87l6Lfw5TtAylCc4DVDR,0.0293,0.8,0.893,0.493,0.026,-7.811,0.0408,124.01,0.957,12
165,Wawa-Mix 2,3,2mpi0Qwui6aDMLXmN9vfKn,El Gavila,spotify:track:2mpi0Qwui6aDMLXmN9vfKn,0.182,0.819,0.906,0.0,0.0716,-5.734,0.0929,97.978,0.964,11
166,Wawa-Mix 2,4,4vx7sfe7cJhnufjR05mvEM,Te Lo Tengo Que Decir,spotify:track:4vx7sfe7cJhnufjR05mvEM,0.162,0.706,0.791,0.000941,0.0582,-7.96,0.0416,92.988,0.864,13
167,Wawa-Mix 2,5,2UtSZlHh8r5JgzKL9rqUQt,Se Robaron Mi Mujer,spotify:track:2UtSZlHh8r5JgzKL9rqUQt,0.072,0.732,0.796,0.0,0.212,-7.699,0.12,98.999,0.723,1
168,Wawa-Mix 2,6,3rEXvVLb52eLGkxFoKUNyb,Se Tamba...Se Tambalea,spotify:track:3rEXvVLb52eLGkxFoKUNyb,0.00857,0.64,0.935,0.442,0.343,-8.328,0.0695,171.73,0.801,1
169,Wawa-Mix 2,7,3aq6QDx1chwtYc2iCMBc4U,La Gallina,spotify:track:3aq6QDx1chwtYc2iCMBc4U,0.262,0.75,0.957,0.0052,0.0571,-7.246,0.0777,102.996,0.586,1
170,Wawa-Mix 2,8,5uDoi4PgbgcCaVuk8zNtOZ,"Lloran, Lloran Las Mujeres",spotify:track:5uDoi4PgbgcCaVuk8zNtOZ,0.0305,0.654,0.794,8.73e-05,0.154,-6.974,0.0419,189.804,0.896,1
172,Wawa-Mix 2,10,7zabo6p9VbmBrmP4N99K1F,Mega-Mix,spotify:track:7zabo6p9VbmBrmP4N99K1F,0.0608,0.504,0.886,0.000331,0.212,-6.212,0.112,98.338,0.698,2
173,Incomparables,1,2yuQsmNWU9xcbcLFZqszEf,El Patuleco,spotify:track:2yuQsmNWU9xcbcLFZqszEf,0.741,0.797,0.551,0.00216,0.467,-14.933,0.0483,105.844,0.974,1
175,Incomparables,3,1QOuGuJiUKmYxcw2dBujql,El Otorrinolaringologo,spotify:track:1QOuGuJiUKmYxcw2dBujql,0.725,0.801,0.452,0.000491,0.155,-10.957,0.039,136.693,0.961,11
176,Incomparables,4,593qMdjKjoBf2rKlX4pQGO,Moliendo Cafe,spotify:track:593qMdjKjoBf2rKlX4pQGO,0.585,0.584,0.595,0.72,0.0761,-10.262,0.039,118.853,0.932,13
178,Incomparables,6,4q4MIwJFqTbGfH59MmcPdf,Un Empujoncito Al Carro,spotify:track:4q4MIwJFqTbGfH59MmcPdf,0.831,0.688,0.539,3.79e-06,0.24,-11.891,0.0536,122.684,0.97,0
181,Incomparables,9,0ulSnH1cALk9he7EzOoip5,Justiniana,spotify:track:0ulSnH1cALk9he7EzOoip5,0.337,0.662,0.459,0.0,0.208,-11.06,0.0405,100.589,0.961,1
183,Incomparables,11,38WoNKVLDE5Fid7u5sIgv6,Apagame La Vela,spotify:track:38WoNKVLDE5Fid7u5sIgv6,0.844,0.721,0.66,8.85e-06,0.242,-12.3,0.043,132.035,0.936,4
184,Incomparables,12,5ACmo0WNHtNOQN2mGJ1Zz4,Deja Que Suba La Marea,spotify:track:5ACmo0WNHtNOQN2mGJ1Zz4,0.722,0.555,0.662,0.000106,0.11,-9.393,0.0583,96.851,0.93,0
199,El Beso Wawanquero,1,1E9UpioPsQKItzfpPfJq4O,El Beso Wawanquero,spotify:track:1E9UpioPsQKItzfpPfJq4O,0.163,0.679,0.664,0.0,0.148,-7.79,0.0947,182.101,0.562,2
200,El Beso Wawanquero,2,7n471bWw7JQ2GMkyI5cHZI,Fanny,spotify:track:7n471bWw7JQ2GMkyI5cHZI,0.0945,0.708,0.79,0.0,0.126,-8.183,0.103,188.024,0.933,1
201,El Beso Wawanquero,3,4m4EZBLdnTKerdq9Q3qFhT,Tu Cumpleaños,spotify:track:4m4EZBLdnTKerdq9Q3qFhT,0.0582,0.792,0.817,0.0,0.0803,-8.46,0.0656,94.987,0.964,0
202,El Beso Wawanquero,4,3xYvrXzcfjk2AYLJuetEUb,La Canoíta,spotify:track:3xYvrXzcfjk2AYLJuetEUb,0.105,0.633,0.824,1.51e-06,0.0965,-8.012,0.0438,179.979,0.9,1
203,El Beso Wawanquero,5,6we42OutQ2g4ld2c3HqKb4,"Amor, Dinero y Libertad",spotify:track:6we42OutQ2g4ld2c3HqKb4,0.0638,0.725,0.852,0.0,0.0965,-8.011,0.0378,93.973,0.935,0
204,El Beso Wawanquero,6,3rq0k7wZdB61PrAhaS7f13,El Amorcito de una Mujer,spotify:track:3rq0k7wZdB61PrAhaS7f13,0.0341,0.706,0.961,0.0,0.309,-7.457,0.0807,160.47,0.973,0
205,El Beso Wawanquero,7,6kCeXCyD9xeppCrDoHtb92,Morir de Amor,spotify:track:6kCeXCyD9xeppCrDoHtb92,0.275,0.698,0.704,7.28e-06,0.11,-8.461,0.0473,173.109,0.946,1
206,El Beso Wawanquero,8,3lffRln0I9F1iDEzB16dBE,Que Suerte la del Gallito,spotify:track:3lffRln0I9F1iDEzB16dBE,0.0891,0.766,0.795,0.0,0.315,-8.375,0.0362,110.981,0.961,0
207,El Beso Wawanquero,9,0OmCu8seJteDIQECFTKr4U,A la Deriva,spotify:track:0OmCu8seJteDIQECFTKr4U,0.247,0.637,0.652,0.0,0.124,-10.947,0.0483,185.072,0.968,0
208,El Beso Wawanquero,10,0N2lzcMAc7l5PAOXPsh39r,Momentos de Amor,spotify:track:0N2lzcMAc7l5PAOXPsh39r,0.455,0.862,0.544,0.0,0.155,-7.719,0.0379,108.038,0.946,0
209,Coleccion Aniversario,1,1BNSj7hzLXQ3kt1H0jxO4x,Lucerito,spotify:track:1BNSj7hzLXQ3kt1H0jxO4x,0.576,0.637,0.524,0.0,0.375,-9.837,0.031,95.567,0.965,16
211,Coleccion Aniversario,3,4h4dtNC6aUqOmVAiYf3bmf,La Arañita De Martita,spotify:track:4h4dtNC6aUqOmVAiYf3bmf,0.542,0.795,0.589,2.18e-05,0.0588,-9.316,0.0459,137.627,0.981,21
212,Coleccion Aniversario,4,1DbudAemBUFKvfUldvtlWa,La Cosecha De Mujeres,spotify:track:1DbudAemBUFKvfUldvtlWa,0.828,0.68,0.612,0.0,0.286,-8.71,0.0402,95.902,0.854,4
213,Coleccion Aniversario,5,5vBOzBKQNNOiSElynOMbnH,El Testamento,spotify:track:5vBOzBKQNNOiSElynOMbnH,0.784,0.698,0.705,0.0,0.172,-7.708,0.0343,91.539,0.974,12
217,Coleccion Aniversario,9,2FkGK6XLeHqAqFTrTbIQMt,El Cafetero,spotify:track:2FkGK6XLeHqAqFTrTbIQMt,0.389,0.691,0.667,1.73e-05,0.299,-6.707,0.0378,82.391,0.96,13
218,Coleccion Aniversario,10,5YcXQu1ys4hJdIhbzTNB5C,Chon Chon Chon,spotify:track:5YcXQu1ys4hJdIhbzTNB5C,0.724,0.739,0.554,5.5e-05,0.0714,-9.961,0.041,141.342,0.844,1
220,Coleccion Aniversario,12,36tU2gTCKoSScPpNneLjk3,No Te Vayas Corazon,spotify:track:36tU2gTCKoSScPpNneLjk3,0.862,0.558,0.38,4.63e-06,0.301,-11.814,0.0387,171.697,0.952,3
222,Coleccion Aniversario,14,7avKf8uDDwGeQLvERxMZwG,Santa Marta - Remix,spotify:track:7avKf8uDDwGeQLvERxMZwG,0.422,0.749,0.672,0.0,0.323,-11.857,0.0518,89.971,0.962,4
223,Cumbilandia (Tu Ritmo Feliz),1,7z043kVHBpOLnzGI7HMcyn,Esto Es Cumbilandia,spotify:track:7z043kVHBpOLnzGI7HMcyn,0.384,0.863,0.749,0.00154,0.0386,-11.804,0.044,122.395,0.981,0
224,Cumbilandia (Tu Ritmo Feliz),2,0jc0EjAPZurd9skQkWKli4,El Camaleon,spotify:track:0jc0EjAPZurd9skQkWKli4,0.134,0.754,0.904,2.31e-06,0.334,-12.124,0.0617,123.328,0.879,1
225,Cumbilandia (Tu Ritmo Feliz),3,3yt0VCP2fC8ECqWzdEtgQN,Sombrero De Paja,spotify:track:3yt0VCP2fC8ECqWzdEtgQN,0.229,0.718,0.735,6.86e-05,0.174,-11.561,0.0634,91.745,0.933,12
226,Cumbilandia (Tu Ritmo Feliz),4,0UqtXl34zVtk5kSPTjVFHx,Corazon Contento,spotify:track:0UqtXl34zVtk5kSPTjVFHx,0.131,0.569,0.806,0.0246,0.103,-10.686,0.0431,134.08,0.929,1
228,Cumbilandia (Tu Ritmo Feliz),6,6GFXEYtLwyPkRDbnAfp7Xw,De Boliche En Boliche,spotify:track:6GFXEYtLwyPkRDbnAfp7Xw,0.0511,0.59,0.827,0.00136,0.0667,-11.911,0.0492,133.413,0.745,0
229,Cumbilandia (Tu Ritmo Feliz),7,6I5gpu6ltGO9rPbQpip0fr,Subamonos Al Carro,spotify:track:6I5gpu6ltGO9rPbQpip0fr,0.0364,0.518,0.548,2.95e-06,0.125,-15.833,0.0783,170.674,0.848,0
230,Cumbilandia (Tu Ritmo Feliz),8,5YDMdyaCQRGB0HBN2QU43F,Guantanamera,spotify:track:5YDMdyaCQRGB0HBN2QU43F,0.143,0.497,0.647,6.92e-05,0.207,-15.498,0.0859,129.095,0.769,12
231,Cumbilandia (Tu Ritmo Feliz),9,7HCZyaw0OPuOMIyKheRhwl,Lisboa Antigua,spotify:track:7HCZyaw0OPuOMIyKheRhwl,0.0404,0.538,0.434,0.0,0.177,-17.609,0.102,169.229,0.835,0
232,Wawamix,1,1O81OcAljAa6BNwAM1mcwA,Quiero Un Sombrero Mix,spotify:track:1O81OcAljAa6BNwAM1mcwA,0.00726,0.813,0.907,0.00981,0.0398,-8.981,0.0501,119.985,0.783,14
233,Wawamix,2,5ATpRpaHfcz5Zdevgt21pm,La Banda Borracha Mix,spotify:track:5ATpRpaHfcz5Zdevgt21pm,0.0142,0.781,0.689,0.000943,0.221,-9.459,0.194,177.96,0.771,13
235,Wawamix,4,5pH4hzUIHcsI9I14I9txSq,Lucerito Mix,spotify:track:5pH4hzUIHcsI9I14I9txSq,0.0942,0.701,0.764,0.000426,0.129,-9.704,0.0351,94.966,0.972,13
236,Wawamix,5,31GxdSZzCBDV77humRtYgp,La Burrita Mix,spotify:track:31GxdSZzCBDV77humRtYgp,0.0196,0.828,0.795,2.83e-06,0.0391,-9.975,0.0323,121.919,0.946,5
237,Wawamix,6,194jE6xCJ1otoOzjP9KXb2,La Pollera Colora' Mix,spotify:track:194jE6xCJ1otoOzjP9KXb2,0.0782,0.756,0.691,3.88e-06,0.0616,-9.069,0.163,93.966,0.417,13
238,Wawamix,7,7Armi1XkuFXzUjazuovB6E,Quitate El Zapato Mix,spotify:track:7Armi1XkuFXzUjazuovB6E,0.0425,0.834,0.847,0.0,0.0583,-9.689,0.136,127.944,0.936,5
239,Wawamix,8,3M4YY15qSY5AZRRdfkdJqe,Atrevete A Mirarme De Frente Mix,spotify:track:3M4YY15qSY5AZRRdfkdJqe,0.125,0.671,0.869,0.000348,0.221,-9.568,0.0435,175.949,0.946,36
240,Wawamix,9,4wiONGltnfqAxI79FyJtTz,Se Va El Caiman Mix,spotify:track:4wiONGltnfqAxI79FyJtTz,0.106,0.771,0.769,0.000658,0.071,-9.752,0.0675,96.933,0.813,15
241,Wawamix,10,0nE02fsJa7x8WcwyOxfKF6,Mega Mix,spotify:track:0nE02fsJa7x8WcwyOxfKF6,0.0299,0.571,0.733,0.000306,0.0779,-9.652,0.164,120.257,0.786,7
242,Hay un Estilo,1,0PdqvqKxGnTC0ABIgMjrvr,Ingrata y Desamorada,spotify:track:0PdqvqKxGnTC0ABIgMjrvr,0.416,0.778,0.364,4.35e-06,0.0769,-15.47,0.0419,90.947,0.856,1
243,Hay un Estilo,2,6AgNI4o2vYC7xasakZY0NE,Como Agua Bendita,spotify:track:6AgNI4o2vYC7xasakZY0NE,0.21,0.624,0.516,0.0,0.254,-12.87,0.0468,202.865,0.88,1
244,Hay un Estilo,3,41EHTkT09gAxuXTwM9xFKd,Que Buen Tipo Que Soy,spotify:track:41EHTkT09gAxuXTwM9xFKd,0.214,0.797,0.367,0.0,0.154,-13.835,0.0508,124.096,0.967,1
245,Hay un Estilo,4,3yvKuvBajUlny0nXQBRnqn,Mujer de Lágrima Fácil,spotify:track:3yvKuvBajUlny0nXQBRnqn,0.228,0.743,0.316,0.0,0.199,-18.057,0.0612,128.136,0.751,0
246,Hay un Estilo,5,4p5dWHE6GDKUGKghRVy0qD,La Cuevita de Lili,spotify:track:4p5dWHE6GDKUGKghRVy0qD,0.173,0.763,0.46,0.0,0.12,-15.513,0.0495,152.028,0.814,1
247,Hay un Estilo,6,1PEeTSVkMfOq4GfYFIzUtY,"Nada, Nadita Soy",spotify:track:1PEeTSVkMfOq4GfYFIzUtY,0.209,0.681,0.523,0.0,0.0571,-15.451,0.0682,185.889,0.621,0
248,Hay un Estilo,7,6JxBlYCkAaOCvFuosvaM7q,En el Río Mamore,spotify:track:6JxBlYCkAaOCvFuosvaM7q,0.452,0.773,0.507,0.0,0.249,-14.877,0.0392,96.463,0.963,1
249,Hay un Estilo,8,6vWbF2Nn0V4wVu3lxK1X4X,Dame Dame Mi Dios,spotify:track:6vWbF2Nn0V4wVu3lxK1X4X,0.418,0.733,0.454,0.0,0.0716,-15.402,0.0359,95.067,0.805,0
251,Hay un Estilo,10,64XmXVL9T2LHxkgw5RO9Jy,Los Maridos de Doña Flor,spotify:track:64XmXVL9T2LHxkgw5RO9Jy,0.332,0.772,0.252,0.0,0.195,-19.962,0.054,140.154,0.927,0
252,La Fiesta Grande De Los Wawanco,1,4llipIkHBHZd7ZkcpH832Q,Cumbias Enganchadas 1,spotify:track:4llipIkHBHZd7ZkcpH832Q,0.142,0.538,0.47,0.0,0.158,-11.992,0.0897,94.397,0.672,15
253,La Fiesta Grande De Los Wawanco,2,0YKnOCKCAWBFGyG6xIJwKR,Cumbia Enganchadas 2,spotify:track:0YKnOCKCAWBFGyG6xIJwKR,0.217,0.595,0.471,2.48e-06,0.333,-12.015,0.122,121.544,0.675,6
